serial,location
12AB34XY01,a11
12AB34XY02,a11
12AB34XY03,a11
12AB34XY04,a11
12AB34XY05,a11
12AB34XY06,a11
12AB34XY07,a11
12AB34XY08,a11
12AB34XY09,a11
12AB34XY10,a11
12AB34XY11,a11
12AB34XY12,a11
12AB34XY13,a11
12AB34XY14,a11
12AB34XY15,a11
12AB34XY16,a11
12AB34XY17,a11
12AB34XY18,a11
12AB34XY19,a11
12AB34XY20,a11
12AB34XY21,a11
12AB34XY22,a11
12AB34XY23,a11
12AB34XY24,a11
12AB34XY25,a11
12AB34XY26,a11
12AB34XY27,a11
12AB34XY28,a11
12AB34XY29,a11
12AB34XY30,a11
12AB34XY31,a11
12AB34XY32,a11
12AB34XY33,a11
12AB34XY34,a11
12AB34XY35,a11
12AB34XY36,a11
12AB34XY37,a11
12AB34XY38,a11
12AB34XY39,a11
12AB34XY40,a11
12AB34XY41,a11
12AB34XY42,a11
12AB34XY43,a11
12AB34XY44,a11
12AB34XY45,a11
12AB34XY46,a11
12AB34XY47,a11
12AB34XY48,a11
12AB34XY49,a11
12AB34XY50,a11
12AB34XY51,a11
12AB34XY52,a11
12AB34XY53,a11
12AB34XY54,a11
12AB34XY55,a11
12AB34XY56,a11
12AB34XY57,a11
12AB34XY58,a11
12AB34XY59,a11
12AB34XY60,a11
12AB34XY61,a11
12AB34XY62,a11
12AB34XY63,a11
12AB34XY64,a11
12AB34XY65,a11
12AB34XY66,a11
12AB34XY67,a11
12AB34XY68,a11
12AB34XY69,a11
12AB34XY70,a11
12AB34XY71,a11
12AB34XY72,a11
12AB34XY73,a11
12AB34XY74,a11
12AB34XY75,a11
12AB34XY76,a11
12AB34XY77,a11
12AB34XY78,a11
12AB34XY79,a11
12AB34XY80,a11
12AB34XY81,a11
12AB34XY82,a11
12AB34XY83,a11
12AB34XY84,a11
12AB34XY85,a11
12AB34XY86,a11
12AB34XY87,a11
12AB34XY88,a11
12AB34XY89,a11
12AB34XY90,a11
12AB34XY91,a12
12AB34XY92,a12
12AB34XY93,a12
12AB34XY94,a12
12AB34XY95,a12
12AB34XY96,a12
12AB34XY97,a12
12AB34XY98,a12
12AB34XY99,a12
12AB34XY100,a12
12AB34XY101,a12
12AB34XY102,a12
12AB34XY103,a12
12AB34XY104,a12
12AB34XY105,a12
12AB34XY106,a12
12AB34XY107,a12
12AB34XY108,a12
12AB34XY109,a12
12AB34XY110,a12
12AB34XY111,a12
12AB34XY112,a12
12AB34XY113,a12
12AB34XY114,a12
12AB34XY115,a12
12AB34XY116,a12
12AB34XY117,a12
12AB34XY118,a12
12AB34XY119,a12
12AB34XY120,a12
12AB34XY121,a12
12AB34XY122,a12
12AB34XY123,a12
12AB34XY124,a12
12AB34XY125,a12
12AB34XY126,a12
12AB34XY127,a12
12AB34XY128,a12
12AB34XY129,a12
12AB34XY130,a12
12AB34XY131,a12
12AB34XY132,a12
12AB34XY133,a12
12AB34XY134,a12
12AB34XY135,a12
12AB34XY136,a12
12AB34XY137,a12
12AB34XY138,a12
12AB34XY139,a12
12AB34XY140,a12
12AB34XY141,a12
12AB34XY142,a12
12AB34XY143,a12
12AB34XY144,a12
12AB34XY145,a12
12AB34XY146,a12
12AB34XY147,a12
12AB34XY148,a12
12AB34XY149,a12
12AB34XY150,a12
12AB34XY151,a12
12AB34XY152,a12
12AB34XY153,a12
12AB34XY154,a12
12AB34XY155,a12
12AB34XY156,a12
12AB34XY157,a12
12AB34XY158,a12
12AB34XY159,a12
12AB34XY160,a12
12AB34XY161,a12
12AB34XY162,a12
12AB34XY163,a12
12AB34XY164,a12
12AB34XY165,a12
12AB34XY166,a12
12AB34XY167,a12
12AB34XY168,a12
12AB34XY169,a12
12AB34XY170,a12
12AB34XY171,a12
12AB34XY172,a12
12AB34XY173,a12
12AB34XY174,a12
12AB34XY175,a12
12AB34XY176,a12
12AB34XY177,a12
12AB34XY178,a12
12AB34XY179,a12
12AB34XY180,a12
12AB34XY181,a12
12AB34XY182,a12
12AB34XY183,a12
12AB34XY184,a12
12AB34XY185,a12
12AB34XY186,a12
12AB34XY187,a12
12AB34XY188,a12
12AB34XY189,a12
12AB34XY190,a12
12AB34XY191,a12
12AB34XY192,a12
12AB34XY193,a12
12AB34XY194,a12
12AB34XY195,a12
12AB34XY196,a12
12AB34XY197,a12
12AB34XY198,a12
12AB34XY199,a12
12AB34XY200,a12
12AB34XY201,a12
12AB34XY202,a12
12AB34XY203,a12
12AB34XY204,a12
12AB34XY205,a12
12AB34XY206,a12
12AB34XY207,a12
12AB34XY208,a12
12AB34XY209,a12
12AB34XY210,a12
12AB34XY211,a12
12AB34XY212,a12
12AB34XY213,a12
12AB34XY214,a12
12AB34XY215,a12
12AB34XY216,a12
12AB34XY217,a12
12AB34XY218,a12
12AB34XY219,a12
12AB34XY220,a12
12AB34XY221,a12
12AB34XY222,a12
12AB34XY223,a12
12AB34XY224,a12
12AB34XY225,a12
12AB34XY226,a12
12AB34XY227,a12
12AB34XY228,a12
12AB34XY229,a12
12AB34XY230,a12
12AB34XY231,a12
12AB34XY232,a12
12AB34XY233,a12
12AB34XY234,a12
12AB34XY235,a12
12AB34XY236,RM780
12AB34XY237,RM780
12AB34XY238,RM780
12AB34XY239,RM780
12AB34XY240,RM780
12AB34XY241,RM780
12AB34XY242,RM780
12AB34XY243,RM780
12AB34XY244,RM780
12AB34XY245,RM780
12AB34XY246,RM780
12AB34XY247,RM780
12AB34XY248,RM780
12AB34XY249,RM780
12AB34XY250,RM780
12AB34XY251,RM780
12AB34XY252,RM780
12AB34XY253,RM780
12AB34XY254,RM780
12AB34XY255,RM780
12AB34XY256,RM780
12AB34XY257,RM780
12AB34XY258,RM780
12AB34XY259,RM780
12AB34XY260,RM780
12AB34XY261,RM780
12AB34XY262,RM780
12AB34XY263,RM780
12AB34XY264,RM780
12AB34XY265,RM780
12AB34XY266,RM780
12AB34XY267,RM780
12AB34XY268,RM780
12AB34XY269,RM780
12AB34XY270,RM780
12AB34XY271,RM780
12AB34XY272,RM780
12AB34XY273,RM780
12AB34XY274,RM780
12AB34XY275,RM780
12AB34XY276,RM780
12AB34XY277,RM780
12AB34XY278,RM780
12AB34XY279,RM780
12AB34XY280,RM780
12AB34XY281,RM780
12AB34XY282,RM780
12AB34XY283,RM780
12AB34XY284,RM780
12AB34XY285,RM780
12AB34XY286,RM780
12AB34XY287,RM780
12AB34XY288,RM780
12AB34XY289,RM780
12AB34XY290,RM780
12AB34XY291,RM780
12AB34XY292,RM780
12AB34XY293,RM780
12AB34XY294,RM780
12AB34XY295,RM780
12AB34XY296,RM780
12AB34XY297,RM780
12AB34XY298,RM780
12AB34XY299,RM780
12AB34XY300,RM780
12AB34XY301,RM780
12AB34XY302,RM780
12AB34XY303,RM780
12AB34XY304,RM780
12AB34XY305,RM780
12AB34XY306,RM780
12AB34XY307,RM780
12AB34XY308,RM780
12AB34XY309,RM780
12AB34XY310,RM780
12AB34XY311,RM780
12AB34XY312,RM780
12AB34XY313,RM780
12AB34XY314,RM780
12AB34XY315,RM780
12AB34XY316,RM780
12AB34XY317,RM780
12AB34XY318,RM780
12AB34XY319,RM780
12AB34XY320,RM780
12AB34XY321,RM780
12AB34XY322,RM780
12AB34XY323,RM780
12AB34XY324,RM780
12AB34XY325,RM780
12AB34XY326,RM780
12AB34XY327,RM780
12AB34XY328,RM780
12AB34XY329,RM780
12AB34XY330,RM780
12AB34XY331,RM780
12AB34XY332,RM780
12AB34XY333,RM780
12AB34XY334,RM780
12AB34XY335,RM780
12AB34XY336,RM780
12AB34XY337,RM780
12AB34XY338,RM780
12AB34XY339,RM780
12AB34XY340,RM780
12AB34XY341,RM780
12AB34XY342,RM780
12AB34XY343,RM780
12AB34XY344,RM780
12AB34XY345,RM780
12AB34XY346,RM780
12AB34XY347,RM780
12AB34XY348,RM780
12AB34XY349,RM780
12AB34XY350,RM780
12AB34XY351,RM780
12AB34XY352,RM780
12AB34XY353,RM780
12AB34XY354,RM780
12AB34XY355,RM780
12AB34XY356,RM780
12AB34XY357,RM780
12AB34XY358,RM780
12AB34XY359,RM780
12AB34XY360,RM780
12AB34XY361,RM780
12AB34XY362,RM780
12AB34XY363,RM780
12AB34XY364,RM780
12AB34XY365,RM780
12AB34XY366,RM780
12AB34XY367,RM780
12AB34XY368,RM780
12AB34XY369,RM780
12AB34XY370,RM780
12AB34XY371,RM780
12AB34XY372,RM780
12AB34XY373,RM780
12AB34XY374,RM780
12AB34XY375,RM780
12AB34XY376,RM780
12AB34XY377,RM780
12AB34XY378,RM780
12AB34XY379,RM780
12AB34XY380,RM780
12AB34XY381,RM780
12AB34XY382,RM780
12AB34XY383,RM780
12AB34XY384,RM780
12AB34XY385,RM780
12AB34XY386,RM780
12AB34XY387,RM780
12AB34XY388,RM780
12AB34XY389,RM780
12AB34XY390,RM780
12AB34XY391,RM780
12AB34XY392,RM780
12AB34XY393,RM780
12AB34XY394,RM780
12AB34XY395,RM780
12AB34XY396,RM780
12AB34XY397,RM780
12AB34XY398,RM780
12AB34XY399,RM780
12AB34XY400,RM780
12AB34XY401,RM780
12AB34XY402,RM780
12AB34XY403,RM780
12AB34XY404,RM780
12AB34XY405,RM780
12AB34XY406,RM780
12AB34XY407,RM780
12AB34XY408,RM780
12AB34XY409,RM780
12AB34XY410,RM780
12AB34XY411,RM780
12AB34XY412,RM780
12AB34XY413,RM780
12AB34XY414,RM780
12AB34XY415,RM780
12AB34XY416,RM780
12AB34XY417,RM780
12AB34XY418,RM780
12AB34XY419,RM780
12AB34XY420,RM780
12AB34XY421,RM780
12AB34XY422,RM780
12AB34XY423,RM780
12AB34XY424,RM780
12AB34XY425,RM780
12AB34XY426,RM780
12AB34XY427,RM780
12AB34XY428,RM780
12AB34XY429,RM780
12AB34XY430,B55
12AB34XY431,B55
12AB34XY432,B55
12AB34XY433,B55
12AB34XY434,B55
12AB34XY435,B55
12AB34XY436,B55
12AB34XY437,B55
12AB34XY438,B55
12AB34XY439,B55
12AB34XY440,B55
12AB34XY441,B55
12AB34XY442,B55
12AB34XY443,B55
12AB34XY444,B55
12AB34XY445,B55
12AB34XY446,B55
12AB34XY447,B55
12AB34XY448,B55
12AB34XY449,B55
12AB34XY450,B55
12AB34XY451,B55
12AB34XY452,B55
12AB34XY453,B55
12AB34XY454,B55
12AB34XY455,B55
12AB34XY456,B55
12AB34XY457,B55
12AB34XY458,B55
12AB34XY459,B55
12AB34XY460,B55
12AB34XY461,B55
12AB34XY462,B55
12AB34XY463,B55
12AB34XY464,B55
12AB34XY465,B55
12AB34XY466,B55
12AB34XY467,B55
12AB34XY468,B55
12AB34XY469,B55
12AB34XY470,B55
12AB34XY471,B55
12AB34XY472,B55
12AB34XY473,B55
12AB34XY474,B55
12AB34XY475,B55
12AB34XY476,B55
12AB34XY477,B55
12AB34XY478,B55
12AB34XY479,B55
12AB34XY480,B55
12AB34XY481,B55
12AB34XY482,B55
12AB34XY483,B55
12AB34XY484,B55
12AB34XY485,B55
12AB34XY486,B55
12AB34XY487,B55
12AB34XY488,B55
12AB34XY489,B55
12AB34XY490,B55
12AB34XY491,B55
12AB34XY492,B55
12AB34XY493,B55
12AB34XY494,B55
12AB34XY495,B55
12AB34XY496,B55
12AB34XY497,B55
12AB34XY498,B55
12AB34XY499,B55
12AB34XY500,B55
12AB34XY501,B55
12AB34XY502,B55
12AB34XY503,B55
12AB34XY504,B55
12AB34XY505,B55
12AB34XY506,B55
12AB34XY507,B55
12AB34XY508,B55
12AB34XY509,B55
12AB34XY510,B55
12AB34XY511,B55
12AB34XY512,B55
12AB34XY513,B55
12AB34XY514,B55
12AB34XY515,B55
12AB34XY516,B55
12AB34XY517,B55
12AB34XY518,B55
12AB34XY519,B55
12AB34XY520,B55
12AB34XY521,B55
12AB34XY522,B55
12AB34XY523,B55
12AB34XY524,B55
12AB34XY525,B55
12AB34XY526,B55
12AB34XY527,B55
12AB34XY528,B55
12AB34XY529,B55
12AB34XY530,B55
12AB34XY531,B55
12AB34XY532,B55
12AB34XY533,B55
12AB34XY534,B55
12AB34XY535,B55
12AB34XY536,B55
12AB34XY537,B55
12AB34XY538,B55
12AB34XY539,B55
12AB34XY540,B55
12AB34XY541,B55
12AB34XY542,B55
12AB34XY543,B55
12AB34XY544,B55
12AB34XY545,B55
12AB34XY546,B55
12AB34XY547,B55
12AB34XY548,B55
12AB34XY549,B55
12AB34XY550,B55
12AB34XY551,B55
12AB34XY552,B55
12AB34XY553,B55
12AB34XY554,B55
12AB34XY555,B55
12AB34XY556,B55
12AB34XY557,B55
12AB34XY558,B55
12AB34XY559,B55
12AB34XY560,B55
12AB34XY561,B55
12AB34XY562,B55
12AB34XY563,B55
12AB34XY564,B55
12AB34XY565,B55
12AB34XY566,B55
12AB34XY567,B55
12AB34XY568,B55
12AB34XY569,B55
12AB34XY570,B55
12AB34XY571,B55
12AB34XY572,B55
12AB34XY573,B55
12AB34XY574,B55
12AB34XY575,B55
12AB34XY576,B55
12AB34XY577,B55
12AB34XY578,B55
12AB34XY579,B55
12AB34XY580,B55
12AB34XY581,B55
12AB34XY582,B55
12AB34XY583,B55
12AB34XY584,B55
12AB34XY585,B55
12AB34XY586,B55
12AB34XY587,B55
12AB34XY588,B55
12AB34XY589,B55
12AB34XY590,B55
12AB34XY591,B55
12AB34XY592,B55
12AB34XY593,B55
12AB34XY594,B55
12AB34XY595,B55
12AB34XY596,B55
12AB34XY597,B55
12AB34XY598,B55
12AB34XY599,B55
12AB34XY600,B55
12AB34XY601,B55
12AB34XY602,B55
12AB34XY603,B55
12AB34XY604,B55
12AB34XY605,B55
12AB34XY606,B55
12AB34XY607,B55
12AB34XY608,B55
12AB34XY609,B55
12AB34XY610,B55
12AB34XY611,B55
12AB34XY612,B55
12AB34XY613,B55
12AB34XY614,B55
12AB34XY615,B55
12AB34XY616,B55
12AB34XY617,B55
12AB34XY618,B55
12AB34XY619,B55
12AB34XY620,B55
12AB34XY621,B55
12AB34XY622,B55
12AB34XY623,B55
12AB34XY624,b56
12AB34XY625,b56
12AB34XY626,b56
12AB34XY627,b56
12AB34XY628,b56
12AB34XY629,b56
12AB34XY630,b56
12AB34XY631,b56
12AB34XY632,b56
12AB34XY633,b56
12AB34XY634,b56
12AB34XY635,b56
12AB34XY636,b56
12AB34XY637,b56
12AB34XY638,b56
12AB34XY639,b56
12AB34XY640,b56
12AB34XY641,b56
12AB34XY642,b56
12AB34XY643,b56
12AB34XY644,b56
12AB34XY645,b56
12AB34XY646,b56
12AB34XY647,b56
12AB34XY648,b56
12AB34XY649,b56
12AB34XY650,b56
12AB34XY651,b56
12AB34XY652,b56
12AB34XY653,b56
12AB34XY654,b56
12AB34XY655,b56
12AB34XY656,b56
12AB34XY657,b56
12AB34XY658,b56
12AB34XY659,b56
12AB34XY660,b56
12AB34XY661,b56
12AB34XY662,b56
12AB34XY663,b56
12AB34XY664,b56
12AB34XY665,b56
12AB34XY666,b56
12AB34XY667,b56
12AB34XY668,b56
12AB34XY669,b56
12AB34XY670,b56
12AB34XY671,b56
12AB34XY672,b56
12AB34XY673,b56
12AB34XY674,b56
12AB34XY675,b56
12AB34XY676,b56
12AB34XY677,b56
12AB34XY678,b56
12AB34XY679,b56
12AB34XY680,b56
12AB34XY681,b56
12AB34XY682,b56
12AB34XY683,b56
12AB34XY684,b56
12AB34XY685,b56
12AB34XY686,b56
12AB34XY687,b56
12AB34XY688,b56
12AB34XY689,b56
12AB34XY690,b56
12AB34XY691,b56
12AB34XY692,b56
12AB34XY693,b56
12AB34XY694,b56
12AB34XY695,b56
12AB34XY696,b56
12AB34XY697,b56
12AB34XY698,b56
12AB34XY699,b56
12AB34XY700,b56
12AB34XY701,b56
12AB34XY702,b56
12AB34XY703,b56
12AB34XY704,b56
12AB34XY705,b56
12AB34XY706,b56
12AB34XY707,b56
12AB34XY708,b56
12AB34XY709,b56
12AB34XY710,b56
12AB34XY711,b56
12AB34XY712,b56
12AB34XY713,b56
12AB34XY714,b56
12AB34XY715,b56
12AB34XY716,b56
12AB34XY717,b56
12AB34XY718,b56
12AB34XY719,b56
12AB34XY720,b56
12AB34XY721,b56
12AB34XY722,b56
12AB34XY723,b56
12AB34XY724,b56
12AB34XY725,b56
12AB34XY726,b56
12AB34XY727,rm102
12AB34XY728,rm102
12AB34XY729,rm102
12AB34XY730,rm102
12AB34XY731,rm102
12AB34XY732,rm102
12AB34XY733,rm102
12AB34XY734,rm102
12AB34XY735,rm102
12AB34XY736,rm102
12AB34XY737,rm102
12AB34XY738,rm102
12AB34XY739,rm102
12AB34XY740,rm102
12AB34XY741,rm102
12AB34XY742,rm102
12AB34XY743,rm102
12AB34XY744,rm102
12AB34XY745,rm102
12AB34XY746,rm102
12AB34XY747,rm102
12AB34XY748,rm102
12AB34XY749,rm102
12AB34XY750,rm102
12AB34XY751,rm102
12AB34XY752,rm102
12AB34XY753,rm102
12AB34XY754,rm102
12AB34XY755,rm102
12AB34XY756,rm102
12AB34XY757,rm102
12AB34XY758,rm102
12AB34XY759,rm102
12AB34XY760,rm102
12AB34XY761,rm102
12AB34XY762,rm102
12AB34XY763,rm102
12AB34XY764,rm102
12AB34XY765,rm102
12AB34XY766,rm102
12AB34XY767,rm102
12AB34XY768,rm102
12AB34XY769,rm102
12AB34XY770,rm102
12AB34XY771,rm102
12AB34XY772,rm102
12AB34XY773,rm102
12AB34XY774,rm102
12AB34XY775,rm102
12AB34XY776,rm102
12AB34XY777,rm102
12AB34XY778,rm102
12AB34XY779,rm102
12AB34XY780,rm102
12AB34XY781,rm102
12AB34XY782,rm102
12AB34XY783,rm102
12AB34XY784,rm102
12AB34XY785,rm102
12AB34XY786,rm102
12AB34XY787,rm102
12AB34XY788,rm102
12AB34XY789,rm102
12AB34XY790,rm102
12AB34XY791,rm102
12AB34XY792,rm102
12AB34XY793,rm102
12AB34XY794,rm102
12AB34XY795,rm102
12AB34XY796,rm102
12AB34XY797,rm102
12AB34XY798,rm102
12AB34XY799,rm102
12AB34XY800,rm102
12AB34XY801,rm102
12AB34XY802,rm102
12AB34XY803,rm102
12AB34XY804,rm102
12AB34XY805,rm102
12AB34XY806,rm102
12AB34XY807,rm102
12AB34XY808,rm102
12AB34XY809,rm102
12AB34XY810,rm102
12AB34XY811,rm102
12AB34XY812,rm102
12AB34XY813,rm102
12AB34XY814,rm102
12AB34XY815,rm102
12AB34XY816,rm102
12AB34XY817,rm102
12AB34XY818,rm102
12AB34XY819,rm102
12AB34XY820,rm102
12AB34XY821,rm102
12AB34XY822,rm102
12AB34XY823,rm102
12AB34XY824,rm102
12AB34XY825,rm102
12AB34XY826,rm102
12AB34XY827,rm102
12AB34XY828,rm102
12AB34XY829,rm102
12AB34XY830,rm102
12AB34XY831,rm102
12AB34XY832,rm102
12AB34XY833,rm102
12AB34XY834,rm102
12AB34XY835,rm102
12AB34XY836,rm102
12AB34XY837,rm102
12AB34XY838,rm102
12AB34XY839,rm102
12AB34XY840,rm102
12AB34XY841,rm102
12AB34XY842,rm102
12AB34XY843,rm102
12AB34XY844,rm102
12AB34XY845,rm102
12AB34XY846,rm102
12AB34XY847,rm102
12AB34XY848,rm102
12AB34XY849,rm102
12AB34XY850,rm102
12AB34XY851,rm102
12AB34XY852,rm102
12AB34XY853,rm102
12AB34XY854,rm102
12AB34XY855,rm102
12AB34XY856,rm102
12AB34XY857,rm102
12AB34XY858,rm102
12AB34XY859,rm102
12AB34XY860,rm102
12AB34XY861,rm102
12AB34XY862,rm102
12AB34XY863,rm102
12AB34XY864,rm102
12AB34XY865,rm102
12AB34XY866,rm102
12AB34XY867,rm102
12AB34XY868,rm102
12AB34XY869,rm102
12AB34XY870,rm102
12AB34XY871,rm102
12AB34XY872,rm102
12AB34XY873,rm102
12AB34XY874,rm102
12AB34XY875,rm102
12AB34XY876,rm102
12AB34XY877,rm102
12AB34XY878,RM103
12AB34XY879,RM103
12AB34XY880,RM103
12AB34XY881,RM103
12AB34XY882,RM103
12AB34XY883,RM103
12AB34XY884,RM103
12AB34XY885,RM103
12AB34XY886,RM103
12AB34XY887,RM103
12AB34XY888,RM103
12AB34XY889,RM103
12AB34XY890,RM103
12AB34XY891,RM103
12AB34XY892,RM103
12AB34XY893,RM103
12AB34XY894,RM103
12AB34XY895,RM103
12AB34XY896,RM103
12AB34XY897,RM103
12AB34XY898,RM103
12AB34XY899,RM103
12AB34XY900,RM103
12AB34XY901,RM103
12AB34XY902,RM103
12AB34XY903,RM103
12AB34XY904,RM103
12AB34XY905,RM103
12AB34XY906,RM103
12AB34XY907,RM103
12AB34XY908,RM103
12AB34XY909,RM103
12AB34XY910,RM103
12AB34XY911,RM103
12AB34XY912,RM103
12AB34XY913,RM103
12AB34XY914,RM103
12AB34XY915,RM103
12AB34XY916,RM103
12AB34XY917,RM103
12AB34XY918,RM103
12AB34XY919,RM103
12AB34XY920,RM103
12AB34XY921,RM103
12AB34XY922,RM103
12AB34XY923,RM103
12AB34XY924,RM103
12AB34XY925,RM103
12AB34XY926,RM103
12AB34XY927,RM103
12AB34XY928,RM103
12AB34XY929,RM103
12AB34XY930,RM103
12AB34XY931,RM103
12AB34XY932,RM103
12AB34XY933,RM103
12AB34XY934,RM103
12AB34XY935,RM103
12AB34XY936,RM103
12AB34XY937,RM103
12AB34XY938,RM103
12AB34XY939,RM103
12AB34XY940,RM103
12AB34XY941,RM103
12AB34XY942,RM103
12AB34XY943,RM103
12AB34XY944,RM103
12AB34XY945,RM103
12AB34XY946,RM103
12AB34XY947,RM103
12AB34XY948,RM103
12AB34XY949,RM103
12AB34XY950,RM103
12AB34XY951,RM103
12AB34XY952,RM103
12AB34XY953,RM103
12AB34XY954,RM103
12AB34XY955,RM103
12AB34XY956,RM103
12AB34XY957,RM103
12AB34XY958,RM103
12AB34XY959,RM103
12AB34XY960,RM103
12AB34XY961,RM103
12AB34XY962,RM103
12AB34XY963,RM103
12AB34XY964,RM103
12AB34XY965,RM103
12AB34XY966,RM103
12AB34XY967,RM103
12AB34XY968,RM103
12AB34XY969,RM103
12AB34XY970,RM103
12AB34XY971,RM103
12AB34XY972,RM103
12AB34XY973,RM103
12AB34XY974,RM103
12AB34XY975,RM103
12AB34XY976,RM103
12AB34XY977,RM103
12AB34XY978,RM103
12AB34XY979,RM103
12AB34XY980,RM103
12AB34XY981,RM103
12AB34XY982,RM103
12AB34XY983,RM103
12AB34XY984,RM103
12AB34XY985,RM103
12AB34XY986,RM103
12AB34XY987,RM103
12AB34XY988,RM103
12AB34XY989,RM103
12AB34XY990,RM103
12AB34XY991,RM103
12AB34XY992,RM103
12AB34XY993,RM103
12AB34XY994,RM103
12AB34XY995,RM103
12AB34XY996,RM103
12AB34XY997,RM103
12AB34XY998,RM103
12AB34XY999,RM103
12AB34XY1000,RM103
12AB34XY1001,RM103
12AB34XY1002,RM103
12AB34XY1003,RM103
12AB34XY1004,RM103
12AB34XY1005,RM103
12AB34XY1006,RM103
12AB34XY1007,RM103
12AB34XY1008,RM103
12AB34XY1009,RM103
12AB34XY1010,RM103
12AB34XY1011,RM103
12AB34XY1012,RM103
12AB34XY1013,RM103
12AB34XY1014,RM103
12AB34XY1015,RM103
12AB34XY1016,RM103
12AB34XY1017,RM103
12AB34XY1018,RM103
12AB34XY1019,RM103
12AB34XY1020,RM103
12AB34XY1021,RM103
12AB34XY1022,RM103
12AB34XY1023,RM103
12AB34XY1024,RM103
12AB34XY1025,RM103
12AB34XY1026,RM103
12AB34XY1027,RM103
12AB34XY1028,RM103
12AB34XY1029,RM103
12AB34XY1030,RM103
12AB34XY1031,RM103
12AB34XY1032,RM103
12AB34XY1033,RM103
12AB34XY1034,RM103
12AB34XY1035,RM103
12AB34XY1036,RM103
12AB34XY1037,RM103
12AB34XY1038,RM103
12AB34XY1039,RM103
12AB34XY1040,RM103
12AB34XY1041,RM103
12AB34XY1042,RM103
12AB34XY1043,RM103
12AB34XY1044,RM103
12AB34XY1045,RM103
12AB34XY1046,RM103
12AB34XY1047,RM103
12AB34XY1048,RM103
12AB34XY1049,RM103
12AB34XY1050,RM103
12AB34XY1051,RM103
12AB34XY1052,RM103
12AB34XY1053,RM103
12AB34XY1054,RM103
12AB34XY1055,RM103
12AB34XY1056,RM103
12AB34XY1057,RM103
12AB34XY1058,RM103
12AB34XY1059,RM103
12AB34XY1060,RM103
12AB34XY1061,RM103
12AB34XY1062,RM103
12AB34XY1063,RM103
12AB34XY1064,RM103
12AB34XY1065,RM103
12AB34XY1066,RM103
12AB34XY1067,RM103
12AB34XY1068,RM103
12AB34XY1069,RM103
12AB34XY1070,RM103
12AB34XY1071,RM103
12AB34XY1072,RM103
12AB34XY1073,RM103
12AB34XY1074,RM103
12AB34XY1075,RM103
12AB34XY1076,RM103
12AB34XY1077,RM103
12AB34XY1078,RM103
12AB34XY1079,RM103
12AB34XY1080,RM103
12AB34XY1081,RM103
12AB34XY1082,RM103
12AB34XY1083,RM103
12AB34XY1084,RM103
12AB34XY1085,RM103
12AB34XY1086,RM103
12AB34XY1087,RM103
12AB34XY1088,RM103
12AB34XY1089,RM103
12AB34XY1090,RM103
12AB34XY1091,RM103
12AB34XY1092,RM103
12AB34XY1093,RM103
12AB34XY1094,RM103
12AB34XY1095,RM103
12AB34XY1096,RM103
12AB34XY1097,RM103
12AB34XY1098,RM103
12AB34XY1099,RM103
12AB34XY1100,RM103
12AB34XY1101,RM103
12AB34XY1102,RM103
12AB34XY1103,RM103
12AB34XY1104,RM103
12AB34XY1105,RM103
12AB34XY1106,RM103
12AB34XY1107,RM103
12AB34XY1108,RM103
12AB34XY1109,RM103
12AB34XY1110,RM103
12AB34XY1111,RM103
12AB34XY1112,RM103
12AB34XY1113,RM103
12AB34XY1114,RM103
12AB34XY1115,RM103
12AB34XY1116,RM103
12AB34XY1117,RM103
12AB34XY1118,RM103
12AB34XY1119,RM103
12AB34XY1120,RM103
12AB34XY1121,RM103
12AB34XY1122,RM103
12AB34XY1123,RM103
12AB34XY1124,RM103
12AB34XY1125,RM103
12AB34XY1126,RM103
12AB34XY1127,RM103
12AB34XY1128,RM103
12AB34XY1129,RM103
12AB34XY1130,RM103
12AB34XY1131,RM103
12AB34XY1132,RM103
12AB34XY1133,RM103
12AB34XY1134,RM103
12AB34XY1135,RM103
12AB34XY1136,RM103
12AB34XY1137,RM103
12AB34XY1138,RM103
12AB34XY1139,RM103
12AB34XY1140,RM103
12AB34XY1141,RM103
12AB34XY1142,RM103
12AB34XY1143,RM103
12AB34XY1144,RM103
12AB34XY1145,RM103
12AB34XY1146,RM103
12AB34XY1147,RM103
12AB34XY1148,RM103
12AB34XY1149,RM103
12AB34XY1150,RM103
12AB34XY1151,RM103
12AB34XY1152,RM103
12AB34XY1153,RM103
12AB34XY1154,RM103
12AB34XY1155,RM103
12AB34XY1156,RM103
12AB34XY1157,RM103
12AB34XY1158,RM103
12AB34XY1159,RM103
12AB34XY1160,RM103
12AB34XY1161,RM103
12AB34XY1162,RM103
12AB34XY1163,RM103
12AB34XY1164,RM103
12AB34XY1165,RM103
12AB34XY1166,RM103
12AB34XY1167,RM103
12AB34XY1168,RM103
12AB34XY1169,RM103
12AB34XY1170,RM103
12AB34XY1171,RM103
12AB34XY1172,RM103
12AB34XY1173,RM103
12AB34XY1174,RM103
12AB34XY1175,RM103
12AB34XY1176,RM103
12AB34XY1177,RM103
12AB34XY1178,RM103
12AB34XY1179,RM103
12AB34XY1180,RM103
12AB34XY1181,RM103
12AB34XY1182,RM103
12AB34XY1183,RM103
12AB34XY1184,RM103
12AB34XY1185,RM103
12AB34XY1186,RM103
12AB34XY1187,RM103
12AB34XY1188,RM103
12AB34XY1189,RM103
12AB34XY1190,RM103
12AB34XY1191,RM103
12AB34XY1192,RM103
12AB34XY1193,RM103
12AB34XY1194,RM103
12AB34XY1195,RM103
12AB34XY1196,RM103
12AB34XY1197,RM103
12AB34XY1198,RM103
12AB34XY1199,RM103
12AB34XY1200,RM103
12AB34XY1201,RM103
12AB34XY1202,RM103
12AB34XY1203,RM103
12AB34XY1204,RM103
12AB34XY1205,RM103
12AB34XY1206,RM103
12AB34XY1207,RM103
12AB34XY1208,RM103
12AB34XY1209,RM103
12AB34XY1210,RM103
12AB34XY1211,RM103
12AB34XY1212,RM103
12AB34XY1213,RM103
12AB34XY1214,RM103
12AB34XY1215,RM103
12AB34XY1216,RM103
12AB34XY1217,RM103
12AB34XY1218,RM103
12AB34XY1219,RM103
12AB34XY1220,RM103
12AB34XY1221,RM103
12AB34XY1222,RM103
12AB34XY1223,RM103
12AB34XY1224,RM103
12AB34XY1225,RM103
12AB34XY1226,RM103
12AB34XY1227,RM103
12AB34XY1228,RM103
12AB34XY1229,RM103
12AB34XY1230,RM103
12AB34XY1231,RM103
12AB34XY1232,RM103
12AB34XY1233,RM103
12AB34XY1234,RM103
12AB34XY1235,RM103
12AB34XY1236,RM103
12AB34XY1237,RM103
12AB34XY1238,RM103
12AB34XY1239,RM103
12AB34XY1240,RM103
12AB34XY1241,RM103
12AB34XY1242,RM103
12AB34XY1243,RM103
12AB34XY1244,RM103
12AB34XY1245,RM103
12AB34XY1246,RM103
12AB34XY1247,RM103
12AB34XY1248,RM103
12AB34XY1249,RM103
12AB34XY1250,RM103
12AB34XY1251,RM103
12AB34XY1252,RM103
12AB34XY1253,RM103
12AB34XY1254,RM103
12AB34XY1255,RM103
12AB34XY1256,RM103
12AB34XY1257,RM103
12AB34XY1258,RM103
12AB34XY1259,a115
12AB34XY1260,a115
12AB34XY1261,a115
12AB34XY1262,a115
12AB34XY1263,a115
12AB34XY1264,a115
12AB34XY1265,a115
12AB34XY1266,a115
12AB34XY1267,a115
12AB34XY1268,a115
12AB34XY1269,a115
12AB34XY1270,a115
12AB34XY1271,a115
12AB34XY1272,a115
12AB34XY1273,a115
12AB34XY1274,a115
12AB34XY1275,a115
12AB34XY1276,a115
12AB34XY1277,a115
12AB34XY1278,a115
12AB34XY1279,a115
12AB34XY1280,a115
12AB34XY1281,a115
12AB34XY1282,a115
12AB34XY1283,a115
12AB34XY1284,a115
12AB34XY1285,a115
12AB34XY1286,a115
12AB34XY1287,a115
12AB34XY1288,a115
12AB34XY1289,a115
12AB34XY1290,a115
12AB34XY1291,a115
12AB34XY1292,a115
12AB34XY1293,a115
12AB34XY1294,a115
12AB34XY1295,a115
12AB34XY1296,a115
12AB34XY1297,a115
12AB34XY1298,a115
12AB34XY1299,a115
12AB34XY1300,a115
12AB34XY1301,a115
12AB34XY1302,a115
12AB34XY1303,a115
12AB34XY1304,a115
12AB34XY1305,a115
12AB34XY1306,a115
12AB34XY1307,a115
12AB34XY1308,a115
12AB34XY1309,a115
12AB34XY1310,a115
12AB34XY1311,a115
12AB34XY1312,a115
12AB34XY1313,a115
12AB34XY1314,a115
12AB34XY1315,a115
12AB34XY1316,a115
12AB34XY1317,a115
12AB34XY1318,a115
12AB34XY1319,a115
12AB34XY1320,a115
12AB34XY1321,a115
12AB34XY1322,a115
12AB34XY1323,a115
12AB34XY1324,a115
12AB34XY1325,a115
12AB34XY1326,a115
12AB34XY1327,a115
12AB34XY1328,a115
12AB34XY1329,a115
12AB34XY1330,a115
12AB34XY1331,a115
12AB34XY1332,a115
12AB34XY1333,a115
12AB34XY1334,a115
12AB34XY1335,a115
12AB34XY1336,a115
12AB34XY1337,a115
12AB34XY1338,a115
12AB34XY1339,a115
12AB34XY1340,a115
12AB34XY1341,a115
12AB34XY1342,a115
12AB34XY1343,a115
12AB34XY1344,a115
12AB34XY1345,a115
12AB34XY1346,a115
12AB34XY1347,a115
12AB34XY1348,a115
12AB34XY1349,a115
12AB34XY1350,a115
12AB34XY1351,a115
12AB34XY1352,a115
12AB34XY1353,a115
12AB34XY1354,a115
12AB34XY1355,a115
12AB34XY1356,a115
12AB34XY1357,a115
12AB34XY1358,a115
12AB34XY1359,a115
12AB34XY1360,a115
12AB34XY1361,a115
12AB34XY1362,a115
12AB34XY1363,a115
12AB34XY1364,a115
12AB34XY1365,a115
12AB34XY1366,a115
12AB34XY1367,a115
12AB34XY1368,a115
12AB34XY1369,a115
12AB34XY1370,a115
12AB34XY1371,a115
12AB34XY1372,a115
12AB34XY1373,a115
12AB34XY1374,a115
12AB34XY1375,a115
12AB34XY1376,a115
12AB34XY1377,a115
12AB34XY1378,a115
12AB34XY1379,a115
12AB34XY1380,a115
12AB34XY1381,a115
12AB34XY1382,a115
12AB34XY1383,a115
12AB34XY1384,a115
12AB34XY1385,a115
12AB34XY1386,a115
12AB34XY1387,a115
12AB34XY1388,a115
12AB34XY1389,a115
12AB34XY1390,a115
12AB34XY1391,a115
12AB34XY1392,a115
12AB34XY1393,a115
12AB34XY1394,a115
12AB34XY1395,a115
12AB34XY1396,a115
12AB34XY1397,a115
12AB34XY1398,a115
12AB34XY1399,a115
12AB34XY1400,a115
12AB34XY1401,a115
12AB34XY1402,a115
12AB34XY1403,a115
12AB34XY1404,a115
12AB34XY1405,a115
12AB34XY1406,a115
12AB34XY1407,a115
12AB34XY1408,a115
12AB34XY1409,a115
12AB34XY1410,a115
12AB34XY1411,a115
12AB34XY1412,a115
12AB34XY1413,a115
12AB34XY1414,a115
12AB34XY1415,a115
12AB34XY1416,a115
12AB34XY1417,a115
12AB34XY1418,a115
12AB34XY1419,a115
12AB34XY1420,a115
12AB34XY1421,a115
12AB34XY1422,a115
12AB34XY1423,a115
12AB34XY1424,a115
12AB34XY1425,a115
12AB34XY1426,a115
12AB34XY1427,a115
12AB34XY1428,a115
12AB34XY1429,a115
12AB34XY1430,a115
12AB34XY1431,a115
12AB34XY1432,a115
12AB34XY1433,a115
12AB34XY1434,a115
12AB34XY1435,a115
12AB34XY1436,a115
12AB34XY1437,a115
12AB34XY1438,a115
12AB34XY1439,a115
12AB34XY1440,a115
12AB34XY1441,a115
12AB34XY1442,a115
12AB34XY1443,a115
12AB34XY1444,a115
12AB34XY1445,a115
12AB34XY1446,a115
12AB34XY1447,a115
12AB34XY1448,a115
12AB34XY1449,a115
12AB34XY1450,a115
12AB34XY1451,a115
12AB34XY1452,a115
12AB34XY1453,a115
12AB34XY1454,a115
12AB34XY1455,a115
12AB34XY1456,a115
12AB34XY1457,a115
12AB34XY1458,a115
12AB34XY1459,a115
12AB34XY1460,a115
12AB34XY1461,a115
12AB34XY1462,a115
12AB34XY1463,a115
12AB34XY1464,a115
12AB34XY1465,a115
12AB34XY1466,a115
12AB34XY1467,a115
12AB34XY1468,a115
12AB34XY1469,a115
12AB34XY1470,a115
12AB34XY1471,a115
12AB34XY1472,a115
12AB34XY1473,a115
12AB34XY1474,a115
12AB34XY1475,a115
12AB34XY1476,a115
12AB34XY1477,a115
12AB34XY1478,a115
12AB34XY1479,a115
12AB34XY1480,a115
12AB34XY1481,a115
12AB34XY1482,a115
12AB34XY1483,a115
12AB34XY1484,a115
12AB34XY1485,a115
12AB34XY1486,a115
12AB34XY1487,a115
12AB34XY1488,a115
12AB34XY1489,a115
12AB34XY1490,a115
12AB34XY1491,a115
12AB34XY1492,a115
12AB34XY1493,a115
12AB34XY1494,a115
12AB34XY1495,a115
12AB34XY1496,a115
12AB34XY1497,a115
12AB34XY1498,a115
12AB34XY1499,a115
12AB34XY1500,a115
12AB34XY1501,a115
12AB34XY1502,a115
12AB34XY1503,a115
12AB34XY1504,a115
12AB34XY1505,a115
12AB34XY1506,a115
12AB34XY1507,a115
12AB34XY1508,a115
12AB34XY1509,a115
12AB34XY1510,a115
12AB34XY1511,a115
12AB34XY1512,a115
12AB34XY1513,a115
12AB34XY1514,a115
12AB34XY1515,a115
12AB34XY1516,a115
12AB34XY1517,a115
12AB34XY1518,a115
12AB34XY1519,a115
12AB34XY1520,a115
12AB34XY1521,a115
12AB34XY1522,a115
12AB34XY1523,a115
12AB34XY1524,a115
12AB34XY1525,a115
12AB34XY1526,a115
12AB34XY1527,a115
12AB34XY1528,a115
12AB34XY1529,a115
12AB34XY1530,a115
12AB34XY1531,a115
12AB34XY1532,a115
12AB34XY1533,a115
12AB34XY1534,a115
12AB34XY1535,a115
12AB34XY1536,a115
12AB34XY1537,a115
12AB34XY1538,a115
12AB34XY1539,a115
12AB34XY1540,a115
12AB34XY1541,a115
12AB34XY1542,a115
12AB34XY1543,a115
12AB34XY1544,a115
12AB34XY1545,a115
12AB34XY1546,a115
12AB34XY1547,a115
12AB34XY1548,a115
12AB34XY1549,a115
12AB34XY1550,a115
12AB34XY1551,a115
12AB34XY1552,a115
12AB34XY1553,a115
12AB34XY1554,a115
12AB34XY1555,a115
12AB34XY1556,a115
12AB34XY1557,a115
12AB34XY1558,a115
12AB34XY1559,a115
12AB34XY1560,a115
12AB34XY1561,a115
12AB34XY1562,a115
12AB34XY1563,a115
12AB34XY1564,a115
12AB34XY1565,a115
12AB34XY1566,a115
12AB34XY1567,a115
12AB34XY1568,a115
12AB34XY1569,a115
12AB34XY1570,a115
12AB34XY1571,a115
12AB34XY1572,a115
12AB34XY1573,a115
12AB34XY1574,a115
12AB34XY1575,a115
12AB34XY1576,a115
12AB34XY1577,a115
12AB34XY1578,a115
12AB34XY1579,a115
12AB34XY1580,a115
12AB34XY1581,a115
12AB34XY1582,a115
12AB34XY1583,a115
12AB34XY1584,a115
12AB34XY1585,a115
12AB34XY1586,a115
12AB34XY1587,a115
12AB34XY1588,a115
12AB34XY1589,a115
12AB34XY1590,a115
12AB34XY1591,a115
12AB34XY1592,a115
12AB34XY1593,a115
12AB34XY1594,a115
12AB34XY1595,a115
12AB34XY1596,a115
12AB34XY1597,a115
12AB34XY1598,a115
12AB34XY1599,a115
12AB34XY1600,a115
12AB34XY1601,a115
12AB34XY1602,a115
12AB34XY1603,a115
12AB34XY1604,a115
12AB34XY1605,a115
12AB34XY1606,a115
12AB34XY1607,a115
12AB34XY1608,a115
12AB34XY1609,a115
12AB34XY1610,a115
12AB34XY1611,a115
12AB34XY1612,a115
12AB34XY1613,a115
12AB34XY1614,a115
12AB34XY1615,a115
12AB34XY1616,a115
12AB34XY1617,a115
12AB34XY1618,a115
12AB34XY1619,A119
12AB34XY1620,A119
12AB34XY1621,A119
12AB34XY1622,A119
12AB34XY1623,A119
12AB34XY1624,A119
12AB34XY1625,A119
12AB34XY1626,A119
12AB34XY1627,A119
12AB34XY1628,A119
12AB34XY1629,A119
12AB34XY1630,A119
12AB34XY1631,A119
12AB34XY1632,A119
12AB34XY1633,A119
12AB34XY1634,A119
12AB34XY1635,A119
12AB34XY1636,A119
12AB34XY1637,A119
12AB34XY1638,A119
12AB34XY1639,A119
12AB34XY1640,A119
12AB34XY1641,A119
12AB34XY1642,A119
12AB34XY1643,A119
12AB34XY1644,A119
12AB34XY1645,A119
12AB34XY1646,A119
12AB34XY1647,A119
12AB34XY1648,A119
12AB34XY1649,A119
12AB34XY1650,A119
12AB34XY1651,A119
12AB34XY1652,A119
12AB34XY1653,A119
12AB34XY1654,A119
12AB34XY1655,A119
12AB34XY1656,A119
12AB34XY1657,A119
12AB34XY1658,A119
12AB34XY1659,A119
12AB34XY1660,A119
12AB34XY1661,A119
12AB34XY1662,A119
12AB34XY1663,A119
12AB34XY1664,A119
12AB34XY1665,A119
12AB34XY1666,A119
12AB34XY1667,A119
12AB34XY1668,A119
12AB34XY1669,A119
12AB34XY1670,A119
12AB34XY1671,A119
12AB34XY1672,A119
12AB34XY1673,A119
12AB34XY1674,A119
12AB34XY1675,A119
12AB34XY1676,A119
12AB34XY1677,A119
12AB34XY1678,A119
12AB34XY1679,A119
12AB34XY1680,A119
12AB34XY1681,A119
12AB34XY1682,A119
12AB34XY1683,A119
12AB34XY1684,A119
12AB34XY1685,A119
12AB34XY1686,A119
12AB34XY1687,A119
12AB34XY1688,A119
12AB34XY1689,A119
12AB34XY1690,A119
12AB34XY1691,A119
12AB34XY1692,A119
12AB34XY1693,A119
12AB34XY1694,A119
12AB34XY1695,A119
12AB34XY1696,A119
12AB34XY1697,A119
12AB34XY1698,A119
12AB34XY1699,A119
12AB34XY1700,A119
12AB34XY1701,A119
12AB34XY1702,A119
12AB34XY1703,A119
12AB34XY1704,A119
12AB34XY1705,A119
12AB34XY1706,A119
12AB34XY1707,A119
12AB34XY1708,A119
12AB34XY1709,A119
12AB34XY1710,A119
12AB34XY1711,A119
12AB34XY1712,A119
12AB34XY1713,A119
12AB34XY1714,A119
12AB34XY1715,A119
12AB34XY1716,A119
12AB34XY1717,A119
12AB34XY1718,A119
12AB34XY1719,A119
12AB34XY1720,A119
12AB34XY1721,A119
12AB34XY1722,A119
12AB34XY1723,A119
12AB34XY1724,A119
12AB34XY1725,A119
12AB34XY1726,A119
12AB34XY1727,A119
12AB34XY1728,A119
12AB34XY1729,A119
12AB34XY1730,A119
12AB34XY1731,A119
12AB34XY1732,A119
12AB34XY1733,A119
12AB34XY1734,A119
12AB34XY1735,A119
12AB34XY1736,A119
12AB34XY1737,A119
12AB34XY1738,A119
12AB34XY1739,A119
12AB34XY1740,A119
12AB34XY1741,A119
12AB34XY1742,A119
12AB34XY1743,A119
12AB34XY1744,A119
12AB34XY1745,A119
12AB34XY1746,A119
12AB34XY1747,A119
12AB34XY1748,A119
12AB34XY1749,A119
12AB34XY1750,A119
12AB34XY1751,A119
12AB34XY1752,A119
12AB34XY1753,A119
12AB34XY1754,A119
12AB34XY1755,A119
12AB34XY1756,A119
12AB34XY1757,A119
12AB34XY1758,A119
12AB34XY1759,A119
12AB34XY1760,A119
12AB34XY1761,A119
12AB34XY1762,A119
12AB34XY1763,A119
12AB34XY1764,A119
12AB34XY1765,A119
12AB34XY1766,A119
12AB34XY1767,A119
12AB34XY1768,A119
12AB34XY1769,A119
12AB34XY1770,A119
12AB34XY1771,A119
12AB34XY1772,A119
12AB34XY1773,A119
12AB34XY1774,A119
12AB34XY1775,A119
12AB34XY1776,A119
12AB34XY1777,A119
12AB34XY1778,A119
12AB34XY1779,A119
12AB34XY1780,A119
12AB34XY1781,A119
12AB34XY1782,A119
12AB34XY1783,A119
12AB34XY1784,A119
12AB34XY1785,A119
12AB34XY1786,A119
12AB34XY1787,A119
12AB34XY1788,A119
12AB34XY1789,A119
12AB34XY1790,A119
12AB34XY1791,A119
12AB34XY1792,A119
12AB34XY1793,A119
12AB34XY1794,A119
12AB34XY1795,A119
12AB34XY1796,A119
12AB34XY1797,A119
12AB34XY1798,A119
12AB34XY1799,A119
12AB34XY1800,A119
12AB34XY1801,A119
12AB34XY1802,A119
12AB34XY1803,A119
12AB34XY1804,A119
12AB34XY1805,A119
12AB34XY1806,A119
12AB34XY1807,A119
12AB34XY1808,A119
12AB34XY1809,A119
12AB34XY1810,A119
12AB34XY1811,A119
12AB34XY1812,A119
12AB34XY1813,A119
12AB34XY1814,A119
12AB34XY1815,A119
12AB34XY1816,A119
12AB34XY1817,A119
12AB34XY1818,A119
12AB34XY1819,A119
12AB34XY1820,A119
12AB34XY1821,A119
12AB34XY1822,A119
12AB34XY1823,A119
12AB34XY1824,A119
12AB34XY1825,A119
12AB34XY1826,A119
12AB34XY1827,A119
12AB34XY1828,A119
12AB34XY1829,A119
12AB34XY1830,A119
12AB34XY1831,A119
12AB34XY1832,A119
12AB34XY1833,A119
12AB34XY1834,A119
12AB34XY1835,A119
12AB34XY1836,A119
12AB34XY1837,A119
12AB34XY1838,A119
12AB34XY1839,A119
12AB34XY1840,A119
12AB34XY1841,A119
12AB34XY1842,A119
12AB34XY1843,A119
12AB34XY1844,A119
12AB34XY1845,A119
12AB34XY1846,A119
12AB34XY1847,A119
12AB34XY1848,A119
12AB34XY1849,A119
12AB34XY1850,c7
12AB34XY1851,c7
12AB34XY1852,c7
12AB34XY1853,c7
12AB34XY1854,c7
12AB34XY1855,c7
12AB34XY1856,c7
12AB34XY1857,c7
12AB34XY1858,c7
12AB34XY1859,c7
12AB34XY1860,c7
12AB34XY1861,c7
12AB34XY1862,c7
12AB34XY1863,c7
12AB34XY1864,c7
12AB34XY1865,c7
12AB34XY1866,c7
12AB34XY1867,c7
12AB34XY1868,c7
12AB34XY1869,c7
12AB34XY1870,c7
12AB34XY1871,c7
12AB34XY1872,c7
12AB34XY1873,c7
12AB34XY1874,c7
12AB34XY1875,c7
12AB34XY1876,c7
12AB34XY1877,c7
12AB34XY1878,c7
12AB34XY1879,c7
12AB34XY1880,c7
12AB34XY1881,c7
12AB34XY1882,c7
12AB34XY1883,c7
12AB34XY1884,c7
12AB34XY1885,c7
12AB34XY1886,c7
12AB34XY1887,c7
12AB34XY1888,c7
12AB34XY1889,c7
12AB34XY1890,c7
12AB34XY1891,c7
12AB34XY1892,c7
12AB34XY1893,c7
12AB34XY1894,c7
12AB34XY1895,c7
12AB34XY1896,c7
12AB34XY1897,c7
12AB34XY1898,c7
12AB34XY1899,c7
12AB34XY1900,c7
12AB34XY1901,c7
12AB34XY1902,c7
12AB34XY1903,c7
12AB34XY1904,c7
12AB34XY1905,c7
12AB34XY1906,c7
12AB34XY1907,c7
12AB34XY1908,c7
12AB34XY1909,c7
12AB34XY1910,c7
12AB34XY1911,c7
12AB34XY1912,c7
12AB34XY1913,c7
12AB34XY1914,c7
12AB34XY1915,c7
12AB34XY1916,c7
12AB34XY1917,c7
12AB34XY1918,c7
12AB34XY1919,c7
12AB34XY1920,c7
12AB34XY1921,c7
12AB34XY1922,c7
12AB34XY1923,c7
12AB34XY1924,c7
12AB34XY1925,c7
12AB34XY1926,c7
12AB34XY1927,c7
12AB34XY1928,c7
12AB34XY1929,c7
12AB34XY1930,c7
12AB34XY1931,c7
12AB34XY1932,c7
12AB34XY1933,c7
12AB34XY1934,c7
12AB34XY1935,c7
12AB34XY1936,c7
12AB34XY1937,c7
12AB34XY1938,c7
12AB34XY1939,c7
12AB34XY1940,c7
12AB34XY1941,c7
12AB34XY1942,c7
12AB34XY1943,c7
12AB34XY1944,c7
12AB34XY1945,c7
12AB34XY1946,c7
12AB34XY1947,c7
12AB34XY1948,c7
12AB34XY1949,c7
12AB34XY1950,c7
12AB34XY1951,c7
12AB34XY1952,c7
12AB34XY1953,c7
12AB34XY1954,c7
12AB34XY1955,c7
12AB34XY1956,c7
12AB34XY1957,c7
12AB34XY1958,c7
12AB34XY1959,c7
12AB34XY1960,c7
12AB34XY1961,c7
12AB34XY1962,c7
12AB34XY1963,c7
12AB34XY1964,c7
12AB34XY1965,c7
12AB34XY1966,c7
12AB34XY1967,c7
12AB34XY1968,c7
12AB34XY1969,c7
12AB34XY1970,c7
12AB34XY1971,c7
12AB34XY1972,c7
12AB34XY1973,c7
12AB34XY1974,c7
12AB34XY1975,c7
12AB34XY1976,c7
12AB34XY1977,c7
12AB34XY1978,c7
12AB34XY1979,c7
12AB34XY1980,c7
12AB34XY1981,c7
12AB34XY1982,c7
12AB34XY1983,c7
12AB34XY1984,c7
12AB34XY1985,c7
12AB34XY1986,c7
12AB34XY1987,c7
12AB34XY1988,c7
12AB34XY1989,c7
12AB34XY1990,c7
12AB34XY1991,c7
12AB34XY1992,c7
12AB34XY1993,c7
12AB34XY1994,c7
12AB34XY1995,c7
12AB34XY1996,c7
12AB34XY1997,c7
12AB34XY1998,c7
12AB34XY1999,c7
12AB34XY2000,c7
12AB34XY2001,c7
12AB34XY2002,c7
12AB34XY2003,c7
12AB34XY2004,c7
12AB34XY2005,c7
12AB34XY2006,c7
12AB34XY2007,c7
12AB34XY2008,c7
12AB34XY2009,c7
12AB34XY2010,c7
12AB34XY2011,c7
12AB34XY2012,c7
12AB34XY2013,c7
12AB34XY2014,c7
12AB34XY2015,c7
12AB34XY2016,c7
12AB34XY2017,c7
12AB34XY2018,c7
12AB34XY2019,c7
12AB34XY2020,c7
12AB34XY2021,c7
12AB34XY2022,c7
12AB34XY2023,c7
12AB34XY2024,c7
12AB34XY2025,c7
12AB34XY2026,c7
12AB34XY2027,c7
12AB34XY2028,c7
12AB34XY2029,c7
12AB34XY2030,c7
12AB34XY2031,c7
12AB34XY2032,c7
12AB34XY2033,c7
12AB34XY2034,c7
12AB34XY2035,c7
12AB34XY2036,c7
12AB34XY2037,c7
12AB34XY2038,c7
12AB34XY2039,c7
12AB34XY2040,c7
12AB34XY2041,c7
12AB34XY2042,c7
12AB34XY2043,c7
12AB34XY2044,c7
12AB34XY2045,c7
12AB34XY2046,c7
12AB34XY2047,c7
12AB34XY2048,c7
12AB34XY2049,c7
12AB34XY2050,c7
12AB34XY2051,c7
12AB34XY2052,c7
12AB34XY2053,c7
12AB34XY2054,c7
12AB34XY2055,c7
12AB34XY2056,c7
